id,ingredient_name,ailment_category,specific_ailments,positive_effects,negative_effects,recipe_tags,serving_suggestion
1,Ginger,Digestive Issues,"Nausea,Motion Sickness,Indigestion","Anti-inflammatory,Aids digestion,Reduces nausea,Improves circulation","May cause heartburn in excess,Blood thinner interaction",anti-nausea;digestive-aid;anti-inflammatory,Tea or added to stir-fries
2,Turmeric,Inflammation,"Arthritis,Joint Pain,Muscle Soreness","Powerful anti-inflammatory,Antioxidant,Pain relief,Improves brain function","May interact with blood thinners,Can cause stomach upset",anti-inflammatory;pain-relief;antioxidant,Golden milk or curry dishes
3,Chamomile,Sleep Issues,"Insomnia,Anxiety,Restlessness","Promotes relaxation,Aids sleep,Reduces anxiety,Soothes stomach","May cause allergic reactions in some,Drowsiness",sleep-aid;calming;digestive-aid,Tea before bedtime
4,Peppermint,Digestive Issues,"IBS,Bloating,Gas,Nausea","Relieves bloating,Soothes stomach,Freshens breath,Reduces headaches","May worsen acid reflux,Not for infants",digestive-aid;anti-nausea;cooling,Tea or fresh in salads
5,Oatmeal,Heart Health,"High Cholesterol,High Blood Pressure,Diabetes","Lowers cholesterol,Stabilizes blood sugar,High fiber,Heart healthy","Contains gluten traces,May cause bloating",heart-healthy;blood-sugar;high-fiber,Breakfast porridge
6,Salmon,Heart Health,"Heart Disease,High Cholesterol,Depression","Omega-3 rich,Reduces inflammation,Supports brain health,Protein source","High mercury risk if excessive,Expensive",heart-healthy;brain-health;anti-inflammatory,Grilled or baked
7,Blueberries,Cognitive Health,"Memory Issues,Brain Fog,Oxidative Stress","High antioxidants,Improves memory,Reduces inflammation,Supports heart","May interact with blood thinners,High sugar if excessive",brain-health;antioxidant;heart-healthy,Smoothies or fresh
8,Spinach,Blood Health,"Anemia,Low Energy,Weak Bones","Iron rich,Calcium source,Vitamin K,Folate rich","High oxalates may affect kidneys,May interact with blood thinners",blood-building;bone-health;energy-boost,Salads or smoothies
9,Garlic,Immune Support,"Cold,Flu,High Blood Pressure","Antimicrobial,Boosts immunity,Lowers blood pressure,Heart healthy","Bad breath,May cause digestive upset",immune-boost;heart-healthy;antimicrobial,Raw or cooked in dishes
10,Lemon,Immune Support,"Cold,Scurvy,Digestive Issues","Vitamin C rich,Aids digestion,Detoxifying,Alkalizing","May erode tooth enamel,Can worsen acid reflux",immune-boost;digestive-aid;detox,Water infusion or dressings
11,Honey,Respiratory Issues,"Cough,Sore Throat,Allergies","Natural cough suppressant,Antimicrobial,Soothes throat,Energy source","High in sugar,Not for infants under 1",respiratory-aid;antimicrobial;energy-boost,Tea or warm water
12,Banana,Energy and Muscles,"Muscle Cramps,Low Energy,Digestive Issues","High potassium,Quick energy,Aids digestion,Mood enhancer","High sugar,May cause constipation if unripe",energy-boost;muscle-support;digestive-aid,Smoothies or snack
13,Avocado,Heart Health,"High Cholesterol,Dry Skin,Inflammation","Healthy fats,Lowers cholesterol,Skin health,Nutrient dense","High calories,May cause allergic reactions",heart-healthy;skin-health;anti-inflammatory,Toast or salads
14,Almonds,Heart Health,"High Cholesterol,Low Energy,Weak Bones","Heart healthy fats,Protein source,Calcium rich,Vitamin E","High calories,Potential allergen",heart-healthy;bone-health;energy-boost,Snack or almond milk
15,Walnuts,Cognitive Health,"Brain Fog,Depression,Inflammation","Omega-3 rich,Brain health,Anti-inflammatory,Heart healthy","High calories,Potential allergen",brain-health;heart-healthy;anti-inflammatory,Snack or salad topping
16,Greek Yogurt,Digestive Issues,"IBS,Bloating,Weak Immunity","Probiotics,Protein rich,Calcium source,Gut health","Lactose issues for some,Added sugars in flavored",digestive-aid;immune-boost;bone-health,Breakfast or smoothies
17,Broccoli,Cancer Prevention,"Oxidative Stress,Weak Immunity,Inflammation","Antioxidants,Fiber rich,Vitamin C,Cancer-fighting compounds","May cause gas,Thyroid issues if excessive",antioxidant;immune-boost;cancer-prevention,Steamed or stir-fried
18,Sweet Potato,Blood Sugar,"Diabetes,Low Energy,Digestive Issues","Low glycemic,Fiber rich,Vitamin A,Sustained energy","High carbs,May affect blood sugar if excessive",blood-sugar;energy-boost;digestive-aid,Baked or mashed
19,Quinoa,Energy and Muscles,"Low Energy,Muscle Recovery,Digestive Issues","Complete protein,High fiber,Iron rich,Gluten-free","May cause bloating initially,Contains saponins",energy-boost;muscle-support;gluten-free,Salads or grain bowls
20,Chia Seeds,Digestive Issues,"Constipation,High Cholesterol,Inflammation","High fiber,Omega-3 rich,Aids digestion,Hydrating","May cause choking if not soaked,Digestive upset if excessive",digestive-aid;heart-healthy;anti-inflammatory,Puddings or smoothies
21,Flaxseeds,Heart Health,"High Cholesterol,Constipation,Inflammation","Omega-3 rich,Fiber rich,Lignans for hormones,Lowers cholesterol","Must be ground for absorption,May interact with medications",heart-healthy;digestive-aid;hormone-balance,Ground in smoothies
22,Green Tea,Cognitive Health,"Brain Fog,Fatigue,Oxidative Stress","Antioxidants,Mild caffeine,Boosts metabolism,Brain health","Caffeine sensitivity,May affect iron absorption",brain-health;antioxidant;energy-boost,Hot or iced tea
23,Dark Chocolate,Heart Health,"Stress,High Blood Pressure,Low Mood","Antioxidants,Mood enhancer,Heart healthy,Improves blood flow","High calories,Caffeine content",heart-healthy;mood-boost;antioxidant,Small portions as treat
24,Kale,Bone Health,"Weak Bones,Low Immunity,Inflammation","Calcium rich,Vitamin K,Antioxidants,Iron source","High oxalates,May affect thyroid",bone-health;immune-boost;antioxidant,Salads or smoothies
25,Carrots,Eye Health,"Poor Vision,Dry Skin,Weak Immunity","Vitamin A rich,Beta-carotene,Eye health,Skin health","May cause orange skin if excessive,High sugar",eye-health;skin-health;immune-boost,Raw or roasted
26,Tomatoes,Heart Health,"High Blood Pressure,Prostate Issues,Skin Damage","Lycopene,Heart healthy,Antioxidant,Skin protection","May worsen acid reflux,Nightshade sensitivity",heart-healthy;antioxidant;skin-health,Salads or cooked
27,Beets,Blood Health,"Low Blood Pressure,Anemia,Fatigue","Nitrates improve blood flow,Iron rich,Stamina boost,Detoxifying","May cause red urine,High in oxalates",blood-building;energy-boost;detox,Roasted or juiced
28,Celery,Blood Pressure,"High Blood Pressure,Inflammation,Water Retention","Natural diuretic,Lowers blood pressure,Anti-inflammatory,Low calorie","May cause allergic reactions,Pesticide residue concerns",blood-pressure;anti-inflammatory;diuretic,Raw or juiced
29,Cucumber,Hydration,"Dehydration,Skin Issues,Inflammation","Hydrating,Cooling,Skin health,Low calorie","Very low nutrients,May cause gas",hydration;skin-health;cooling,Salads or water infusion
30,Watermelon,Hydration,"Dehydration,Muscle Soreness,High Blood Pressure","Hydrating,Lycopene rich,Muscle recovery,Heart healthy","High sugar,May cause digestive issues",hydration;muscle-support;heart-healthy,Fresh or juiced
31,Pomegranate,Heart Health,"High Blood Pressure,Inflammation,Memory Issues","Antioxidants,Heart healthy,Anti-inflammatory,Memory support","May interact with medications,High sugar",heart-healthy;anti-inflammatory;brain-health,Seeds or juice
32,Cranberries,Urinary Health,"UTI,Kidney Issues,Inflammation","Prevents UTIs,Antioxidants,Anti-inflammatory,Heart healthy","High sugar in juice form,May interact with blood thinners",urinary-health;antioxidant;heart-healthy,Juice or dried
33,Papaya,Digestive Issues,"Indigestion,Constipation,Inflammation","Papain enzyme aids digestion,Fiber rich,Vitamin C,Anti-inflammatory","May cause allergic reactions,Unripe is unsafe in pregnancy",digestive-aid;anti-inflammatory;immune-boost,Fresh or smoothies
34,Pineapple,Inflammation,"Joint Pain,Digestive Issues,Sinus Problems","Bromelain enzyme,Anti-inflammatory,Aids digestion,Immune boost","May cause mouth irritation,High sugar",anti-inflammatory;digestive-aid;immune-boost,Fresh or grilled
35,Mango,Immune Support,"Low Immunity,Digestive Issues,Skin Problems","Vitamin C rich,Fiber source,Skin health,Immune support","High sugar,May cause allergic reactions",immune-boost;digestive-aid;skin-health,Fresh or smoothies
36,Kiwi,Digestive Issues,"Constipation,Sleep Issues,Low Immunity","Fiber rich,Vitamin C,Aids sleep,Digestive enzymes","May cause allergic reactions,Mouth irritation",digestive-aid;sleep-aid;immune-boost,Fresh or salads
37,Orange,Immune Support,"Cold,Flu,Skin Issues","Vitamin C rich,Immune boost,Skin health,Antioxidants","May worsen acid reflux,High sugar",immune-boost;skin-health;antioxidant,Fresh or juiced
38,Apple,Digestive Issues,"Constipation,High Cholesterol,Blood Sugar","Fiber rich,Pectin for gut,Lowers cholesterol,Blood sugar control","Pesticide residue,Seeds contain cyanide",digestive-aid;heart-healthy;blood-sugar,Raw or baked
39,Pear,Digestive Issues,"Constipation,Inflammation,High Cholesterol","High fiber,Anti-inflammatory,Heart healthy,Hypoallergenic","May cause bloating,High sugar",digestive-aid;anti-inflammatory;heart-healthy,Fresh or poached
40,Grapes,Heart Health,"High Blood Pressure,Inflammation,Cognitive Decline","Resveratrol,Heart healthy,Anti-inflammatory,Brain health","High sugar,Pesticide concerns",heart-healthy;anti-inflammatory;brain-health,Fresh or frozen
41,Cherries,Sleep Issues,"Insomnia,Muscle Pain,Inflammation","Natural melatonin,Anti-inflammatory,Muscle recovery,Antioxidants","High sugar,May cause digestive issues",sleep-aid;anti-inflammatory;muscle-support,Fresh or tart cherry juice
42,Strawberries,Heart Health,"High Blood Pressure,Inflammation,Skin Aging","Vitamin C,Antioxidants,Heart healthy,Skin health","Pesticide residue,May cause allergies",heart-healthy;antioxidant;skin-health,Fresh or smoothies
43,Raspberries,Blood Sugar,"Diabetes,Inflammation,Weight Management","Low sugar,High fiber,Anti-inflammatory,Weight management","May cause allergies,Expensive",blood-sugar;anti-inflammatory;weight-management,Fresh or desserts
44,Blackberries,Cognitive Health,"Memory Issues,Inflammation,Oral Health","Antioxidants,Brain health,Vitamin C,Oral health","May stain teeth,Seeds may irritate",brain-health;antioxidant;immune-boost,Fresh or smoothies
45,Coconut Oil,Brain Health,"Cognitive Decline,Dry Skin,Low Energy","MCT for brain,Skin moisturizer,Quick energy,Antimicrobial","High saturated fat,May raise cholesterol",brain-health;skin-health;energy-boost,Cooking or skin application
46,Olive Oil,Heart Health,"High Cholesterol,Inflammation,Skin Issues","Heart healthy fats,Anti-inflammatory,Antioxidants,Skin health","High calories,May cause digestive issues",heart-healthy;anti-inflammatory;skin-health,Dressings or cooking
47,Bone Broth,Joint Health,"Joint Pain,Gut Issues,Weak Immunity","Collagen for joints,Gut healing,Immune support,Mineral rich","High sodium,May contain heavy metals",joint-health;digestive-aid;immune-boost,Soup base or drink
48,Chicken Breast,Muscle Health,"Muscle Loss,Low Energy,Weight Management","Lean protein,Muscle building,B vitamins,Low fat","Antibiotics in non-organic,Bland if overcooked",muscle-support;energy-boost;weight-management,Grilled or baked
49,Turkey,Sleep Issues,"Insomnia,Anxiety,Muscle Recovery","Tryptophan for sleep,Lean protein,B vitamins,Low fat","May cause drowsiness,Dry if overcooked",sleep-aid;muscle-support;calming,Roasted or ground
50,Eggs,Energy and Brain,"Low Energy,Brain Fog,Weak Muscles","Complete protein,Choline for brain,B vitamins,Versatile","Cholesterol concerns if excessive,Potential allergen",energy-boost;brain-health;muscle-support,Any cooking method
51,Sardines,Heart Health,"Heart Disease,Bone Health,Inflammation","Omega-3 rich,Calcium from bones,Vitamin D,Low mercury","Strong taste,High sodium if canned",heart-healthy;bone-health;anti-inflammatory,Canned or grilled
52,Mackerel,Heart Health,"High Cholesterol,Depression,Inflammation","Omega-3 rich,Vitamin D,Anti-inflammatory,Brain health","Mercury concerns,Strong flavor",heart-healthy;brain-health;anti-inflammatory,Grilled or smoked
53,Tuna,Muscle Health,"Muscle Recovery,Low Energy,Heart Issues","High protein,Omega-3,B vitamins,Iron rich","Mercury concerns,High sodium if canned",muscle-support;energy-boost;heart-healthy,Salads or grilled
54,Shrimp,Thyroid Health,"Thyroid Issues,Low Energy,Weak Immunity","Iodine rich,Low calorie protein,Selenium,Zinc","High cholesterol,Potential allergen",thyroid-health;energy-boost;immune-boost,Grilled or stir-fried
55,Lentils,Blood Sugar,"Diabetes,Low Energy,Digestive Issues","High fiber,Plant protein,Blood sugar control,Iron rich","May cause gas,Contains antinutrients",blood-sugar;energy-boost;digestive-aid,Soups or salads
56,Black Beans,Heart Health,"High Cholesterol,Blood Sugar,Digestive Issues","Fiber rich,Plant protein,Heart healthy,Blood sugar control","May cause gas,Contains lectins",heart-healthy;blood-sugar;digestive-aid,Soups or tacos
57,Chickpeas,Blood Sugar,"Diabetes,Digestive Issues,Weight Management","High fiber,Plant protein,Blood sugar control,Satiety","May cause gas,Contains antinutrients",blood-sugar;digestive-aid;weight-management,Hummus or roasted
58,Kidney Beans,Heart Health,"High Cholesterol,Diabetes,Digestive Issues","Fiber rich,Plant protein,Heart healthy,Iron source","Must be cooked properly,May cause gas",heart-healthy;blood-sugar;digestive-aid,Chili or salads
59,Edamame,Hormone Balance,"Menopause,Bone Health,High Cholesterol","Phytoestrogens,Complete protein,Calcium,Fiber","Soy concerns for some,May affect thyroid",hormone-balance;bone-health;heart-healthy,Snack or salads
60,Tofu,Hormone Balance,"Menopause,High Cholesterol,Muscle Health","Plant protein,Phytoestrogens,Calcium,Low calorie","Soy concerns,Processed varieties",hormone-balance;heart-healthy;muscle-support,Stir-fries or grilled
61,Tempeh,Digestive Health,"Gut Issues,Muscle Health,Inflammation","Fermented probiotics,Complete protein,Fiber,B12","Soy concerns,Strong flavor",digestive-aid;muscle-support;gut-health,Stir-fries or grilled
62,Miso,Digestive Health,"Gut Issues,Immune Weakness,High Blood Pressure","Probiotics,Gut health,Immune support,Antioxidants","High sodium,Soy concerns",digestive-aid;immune-boost;gut-health,Soup or marinades
63,Sauerkraut,Digestive Health,"IBS,Low Immunity,Inflammation","Probiotics,Gut health,Vitamin C,Immune support","High sodium,May cause gas",digestive-aid;immune-boost;gut-health,Side dish or topping
64,Kimchi,Digestive Health,"Gut Issues,Low Immunity,Inflammation","Probiotics,Gut health,Vitamins,Anti-inflammatory","High sodium,Spicy for some",digestive-aid;immune-boost;anti-inflammatory,Side dish or rice bowls
65,Kefir,Digestive Health,"IBS,Bone Health,Immunity","Probiotics,Calcium rich,Protein,Gut healing","Lactose for some,Tangy taste",digestive-aid;bone-health;immune-boost,Drink or smoothies
66,Apple Cider Vinegar,Blood Sugar,"Diabetes,Digestive Issues,Weight Management","Blood sugar control,Digestive aid,Antimicrobial,Weight management","May damage tooth enamel,Can irritate throat",blood-sugar;digestive-aid;weight-management,Diluted drink or dressings
67,Goji Berries,Eye Health,"Vision Problems,Fatigue,Immune Weakness","Antioxidants,Eye health,Energy boost,Immune support","May interact with blood thinners,Expensive",eye-health;energy-boost;immune-boost,Snack or smoothies
68,Acai Berries,Antioxidant Support,"Oxidative Stress,Inflammation,Skin Aging","High antioxidants,Anti-inflammatory,Skin health,Energy","High sugar in commercial forms,Expensive",antioxidant;anti-inflammatory;skin-health,Smoothie bowls
69,Cacao,Mood and Heart,"Depression,High Blood Pressure,Fatigue","Mood enhancer,Antioxidants,Magnesium,Heart healthy","Caffeine content,May cause headaches",mood-boost;heart-healthy;antioxidant,Smoothies or treats
70,Spirulina,Energy and Immunity,"Fatigue,Low Immunity,Allergies","Protein rich,Immune boost,Detoxifying,Energy","May cause digestive issues,Heavy metal concerns",energy-boost;immune-boost;detox,Smoothies
71,Chlorella,Detox Support,"Heavy Metal Exposure,Low Immunity,Inflammation","Detoxifying,Immune support,Chlorophyll,Protein","May cause digestive issues,Green color",detox;immune-boost;anti-inflammatory,Smoothies or tablets
72,Wheatgrass,Detox Support,"Toxin Buildup,Low Energy,Anemia","Chlorophyll,Detoxifying,Iron rich,Energizing","May cause nausea,Gluten concerns",detox;energy-boost;blood-building,Juice shots
73,Moringa,Energy and Nutrition,"Fatigue,Malnutrition,Inflammation","Nutrient dense,Anti-inflammatory,Antioxidants,Energy","May interact with medications,Strong taste",energy-boost;anti-inflammatory;antioxidant,Powder in smoothies
74,Ashwagandha,Stress Relief,"Stress,Anxiety,Fatigue","Adaptogen,Stress relief,Energy balance,Sleep support","May cause drowsiness,Not for pregnancy",stress-relief;calming;energy-boost,Supplements or tea
75,Maca Root,Energy and Hormones,"Fatigue,Hormone Imbalance,Low Libido","Energy boost,Hormone balance,Stamina,Mood enhancer","May affect hormones,Digestive issues",energy-boost;hormone-balance;mood-boost,Powder in smoothies
76,Reishi Mushroom,Immune Support,"Low Immunity,Stress,Sleep Issues","Immune modulator,Stress relief,Sleep support,Antioxidants","May interact with medications,Bitter taste",immune-boost;stress-relief;sleep-aid,Tea or supplements
77,Lion's Mane Mushroom,Cognitive Health,"Brain Fog,Memory Issues,Nerve Damage","Brain health,Nerve regeneration,Focus,Memory","May cause allergies,Expensive",brain-health;focus;nerve-health,Supplements or cooked
78,Shiitake Mushroom,Immune Support,"Low Immunity,High Cholesterol,Inflammation","Immune boost,Lowers cholesterol,B vitamins,Anti-inflammatory","May cause skin reactions,Expensive",immune-boost;heart-healthy;anti-inflammatory,Stir-fries or soups
79,Oyster Mushroom,Immune and Heart,"High Cholesterol,Low Immunity,Anemia","Lowers cholesterol,Immune support,Iron,B vitamins","May cause allergies,Short shelf life",heart-healthy;immune-boost;blood-building,Stir-fries or grilled
80,Portobello Mushroom,Nutrient Support,"Low Energy,Nutrient Deficiency,Inflammation","B vitamins,Selenium,Antioxidants,Meaty texture","May absorb toxins,Short shelf life",energy-boost;antioxidant;weight-management,Grilled or stuffed
81,Brown Rice,Blood Sugar,"Diabetes,Digestive Issues,Low Energy","Whole grain fiber,Blood sugar control,Manganese,Sustained energy","Contains arsenic traces,Longer cooking time",blood-sugar;digestive-aid;energy-boost,Side dish or bowls
82,Wild Rice,Blood Sugar,"Diabetes,Heart Issues,Inflammation","High protein for grain,Antioxidants,Fiber,Low glycemic","Expensive,Strong flavor",blood-sugar;heart-healthy;antioxidant,Salads or pilafs
83,Barley,Heart Health,"High Cholesterol,Blood Sugar,Constipation","Beta-glucan fiber,Lowers cholesterol,Blood sugar control,Gut health","Contains gluten,May cause bloating",heart-healthy;blood-sugar;digestive-aid,Soups or salads
84,Buckwheat,Blood Sugar,"Diabetes,Heart Issues,Digestive Problems","Gluten-free,Blood sugar control,Heart healthy,High fiber","May cause allergies,Strong flavor",blood-sugar;heart-healthy;gluten-free,Pancakes or porridge
85,Amaranth,Bone Health,"Weak Bones,Anemia,Inflammation","Calcium rich,Iron source,Complete protein,Anti-inflammatory","May cause allergies,Slightly bitter",bone-health;blood-building;anti-inflammatory,Porridge or salads
86,Millet,Thyroid Health,"Thyroid Issues,Blood Sugar,Heart Health","Gluten-free,Magnesium,Heart healthy,Blood sugar control","May affect thyroid,Slightly bland",thyroid-health;blood-sugar;heart-healthy,Porridge or pilafs
87,Farro,Digestive Health,"Constipation,Blood Sugar,Energy Issues","High fiber,Sustained energy,Protein,Nutty flavor","Contains gluten,Requires soaking",digestive-aid;energy-boost;blood-sugar,Salads or soups
88,Spelt,Digestive Health,"Digestive Issues,Low Energy,Nutrient Deficiency","Easier to digest than wheat,Fiber,Protein,B vitamins","Contains gluten,Cross-contamination concerns",digestive-aid;energy-boost;nutrient-support,Bread or pasta
89,Teff,Blood Building,"Anemia,Bone Health,Blood Sugar","Iron rich,Calcium source,Gluten-free,Resistant starch","Small grain size,Unique taste",blood-building;bone-health;blood-sugar,Porridge or baking
90,Sorghum,Blood Sugar,"Diabetes,Celiac Disease,Inflammation","Gluten-free,High fiber,Antioxidants,Slow digesting","May be hard to find,Requires cooking",blood-sugar;gluten-free;antioxidant,Porridge or popped
91,Hemp Seeds,Brain Health,"Brain Fog,Inflammation,Skin Issues","Omega balance,Complete protein,GLA for skin,Anti-inflammatory","May cause digestive issues,Expensive",brain-health;anti-inflammatory;skin-health,Smoothies or salads
92,Pumpkin Seeds,Prostate Health,"Prostate Issues,Sleep Problems,Inflammation","Zinc for prostate,Magnesium,Tryptophan,Anti-inflammatory","High calories,May cause allergies",prostate-health;sleep-aid;anti-inflammatory,Snack or salad topping
93,Sunflower Seeds,Skin Health,"Skin Issues,Inflammation,Stress","Vitamin E,Selenium,Magnesium for stress,Anti-inflammatory","High calories,Potential allergen",skin-health;anti-inflammatory;stress-relief,Snack or baking
94,Sesame Seeds,Bone Health,"Weak Bones,Inflammation,Skin Issues","Calcium rich,Copper,Anti-inflammatory,Skin health","High calories,Potential allergen",bone-health;anti-inflammatory;skin-health,Tahini or garnish
95,Poppy Seeds,Sleep Support,"Insomnia,Anxiety,Pain","Natural sedative,Calcium,Iron,Fiber","May show on drug tests,Overconsumption dangerous",sleep-aid;calming;bone-health,Baking or dressings
96,Fennel Seeds,Digestive Health,"Bloating,Gas,Bad Breath","Reduces bloating,Freshens breath,Digestive aid,Anti-spasmodic","May affect estrogen,Large amounts unsafe",digestive-aid;anti-bloating;breath-freshener,Tea or cooking
97,Cumin Seeds,Digestive Health,"Indigestion,Bloating,Blood Sugar","Digestive aid,Iron source,Blood sugar control,Antioxidants","May cause heartburn,Photosensitivity",digestive-aid;blood-sugar;antioxidant,Cooking spice
98,Coriander Seeds,Digestive Health,"Bloating,Blood Sugar,Cholesterol","Digestive aid,Blood sugar control,Lowers cholesterol,Antioxidants","May cause allergies,Strong flavor",digestive-aid;blood-sugar;heart-healthy,Cooking spice
99,Cardamom,Digestive Health,"Bad Breath,Indigestion,Blood Pressure","Breath freshener,Digestive aid,Lowers blood pressure,Antioxidants","May cause allergies,Expensive",digestive-aid;blood-pressure;antioxidant,Tea or baking
100,Cinnamon,Blood Sugar,"Diabetes,Inflammation,Heart Issues","Blood sugar control,Anti-inflammatory,Antioxidants,Heart healthy","Coumarin in cassia type,May interact with medications",blood-sugar;anti-inflammatory;heart-healthy,Baking or beverages
101,Cloves,Dental Health,"Toothache,Bad Breath,Digestive Issues","Natural anesthetic,Antimicrobial,Digestive aid,Antioxidants","May cause irritation,Blood thinner interaction",dental-health;antimicrobial;digestive-aid,Cooking or dental remedy
102,Nutmeg,Sleep Support,"Insomnia,Digestive Issues,Joint Pain","Sleep aid,Digestive support,Anti-inflammatory,Pain relief","Toxic in large amounts,May cause hallucinations",sleep-aid;digestive-aid;anti-inflammatory,Baking or beverages
103,Black Pepper,Nutrient Absorption,"Poor Absorption,Digestive Issues,Inflammation","Enhances nutrient absorption,Digestive aid,Anti-inflammatory,Antioxidants","May irritate stomach,Excessive causes issues",digestive-aid;anti-inflammatory;nutrient-absorption,Cooking spice
104,Cayenne Pepper,Metabolism,"Slow Metabolism,Pain,Congestion","Boosts metabolism,Pain relief,Clears congestion,Circulation","May cause stomach irritation,Burns mucous membranes",metabolism-boost;pain-relief;respiratory-aid,Cooking or capsules
105,Paprika,Eye Health,"Vision Issues,Inflammation,Anemia","Vitamin A,Anti-inflammatory,Iron source,Antioxidants","May cause allergies,Mild effect",eye-health;anti-inflammatory;blood-building,Cooking spice
106,Saffron,Mood Support,"Depression,PMS,Eye Health","Mood enhancer,PMS relief,Eye health,Antioxidants","Very expensive,Toxic in large doses",mood-boost;hormone-balance;eye-health,Cooking or tea
107,Oregano,Immune Support,"Infections,Respiratory Issues,Inflammation","Antimicrobial,Immune boost,Anti-inflammatory,Antioxidants","May cause allergies,Oil is very potent",immune-boost;antimicrobial;anti-inflammatory,Cooking or oil
108,Thyme,Respiratory Health,"Cough,Bronchitis,Infections","Antimicrobial,Cough relief,Respiratory support,Antioxidants","May cause allergies,Not for extended use",respiratory-aid;antimicrobial;antioxidant,Cooking or tea
109,Rosemary,Cognitive Health,"Memory Issues,Stress,Inflammation","Memory enhancer,Stress relief,Anti-inflammatory,Antioxidants","May affect blood pressure,Not for pregnancy in large amounts",brain-health;stress-relief;anti-inflammatory,Cooking or tea
110,Sage,Cognitive Health,"Memory Issues,Menopause,Sore Throat","Memory support,Menopause relief,Sore throat remedy,Anti-inflammatory","May affect blood sugar,Not for pregnancy",brain-health;hormone-balance;respiratory-aid,Cooking or tea
111,Basil,Stress Relief,"Stress,Inflammation,Blood Sugar","Adaptogen,Anti-inflammatory,Blood sugar support,Antioxidants","May affect blood clotting,Strong flavor",stress-relief;anti-inflammatory;blood-sugar,Cooking or tea
112,Mint,Digestive Health,"Nausea,Headaches,Respiratory Issues","Nausea relief,Headache relief,Respiratory support,Cooling","May worsen acid reflux,Not for infants",digestive-aid;pain-relief;respiratory-aid,Tea or cooking
113,Parsley,Kidney Health,"Water Retention,Bad Breath,Kidney Stones","Natural diuretic,Breath freshener,Kidney support,Vitamin rich","May affect blood clotting,Not for kidney disease",kidney-health;diuretic;nutrient-support,Garnish or smoothies
114,Cilantro,Detox Support,"Heavy Metal Exposure,Digestive Issues,Inflammation","Heavy metal chelation,Digestive aid,Anti-inflammatory,Antioxidants","Genetic taste aversion,May cause allergies",detox;digestive-aid;anti-inflammatory,Cooking or garnish
115,Dill,Digestive Health,"Bloating,Insomnia,Bad Breath","Digestive aid,Sleep support,Breath freshener,Antimicrobial","May cause sun sensitivity,Strong flavor",digestive-aid;sleep-aid;antimicrobial,Cooking or pickles
116,Tarragon,Digestive Health,"Appetite Loss,Insomnia,Toothache","Appetite stimulant,Sleep aid,Pain relief,Digestive support","Contains estragole,Not for pregnancy",digestive-aid;sleep-aid;appetite-stimulant,Cooking
117,Chives,Heart Health,"High Blood Pressure,Bone Health,Immunity","Blood pressure support,Vitamin K,Immune support,Low calorie","May cause bad breath,Mild effect",heart-healthy;bone-health;immune-boost,Garnish or cooking
118,Leek,Heart Health,"High Cholesterol,Blood Pressure,Immunity","Heart healthy,Blood pressure support,Immune boost,Fiber","May cause gas,Strong flavor when raw",heart-healthy;blood-pressure;immune-boost,Soups or sautéed
119,Shallot,Heart Health,"High Blood Pressure,Blood Sugar,Immunity","Blood pressure support,Blood sugar control,Immune boost,Antioxidants","May cause bad breath,Strong flavor",heart-healthy;blood-sugar;immune-boost,Cooking
120,Scallion,Immune Support,"Cold,Flu,Bone Health","Immune boost,Vitamin K for bones,Low calorie,Antioxidants","May cause bad breath,Mild effect",immune-boost;bone-health;antioxidant,Garnish or cooking
121,Artichoke,Liver Health,"Liver Issues,High Cholesterol,Digestive Problems","Liver support,Cholesterol reduction,Digestive aid,Antioxidants","May cause gas,Potential allergen",liver-health;heart-healthy;digestive-aid,Steamed or grilled
122,Asparagus,Kidney Health,"Water Retention,UTI Prevention,Pregnancy Support","Natural diuretic,Folate for pregnancy,Prebiotic fiber,Antioxidants","Causes smelly urine,May affect gout",kidney-health;diuretic;pregnancy-support,Roasted or grilled
123,Brussels Sprouts,Cancer Prevention,"Cancer Risk,Inflammation,Blood Sugar","Sulforaphane,Anti-inflammatory,Blood sugar control,Fiber","May cause gas,Bitter for some",cancer-prevention;anti-inflammatory;blood-sugar,Roasted or sautéed
124,Cabbage,Digestive Health,"Ulcers,Inflammation,Weight Management","Ulcer healing,Anti-inflammatory,Low calorie,Vitamin C","May cause gas,Thyroid concerns if raw",digestive-aid;anti-inflammatory;weight-management,Salads or fermented
125,Cauliflower,Cancer Prevention,"Cancer Risk,Inflammation,Weight Management","Sulforaphane,Anti-inflammatory,Low carb,Versatile","May cause gas,Thyroid concerns",cancer-prevention;anti-inflammatory;weight-management,Roasted or riced
126,Radish,Liver Health,"Liver Issues,Digestive Problems,Congestion","Liver support,Digestive aid,Clears congestion,Low calorie","May cause gas,Strong flavor",liver-health;digestive-aid;respiratory-aid,Salads or pickled
127,Turnip,Blood Sugar,"Diabetes,Inflammation,Weight Management","Low glycemic,Anti-inflammatory,High fiber,Vitamin C","May cause gas,Bitter taste",blood-sugar;anti-inflammatory;weight-management,Roasted or mashed
128,Rutabaga,Heart Health,"High Blood Pressure,Constipation,Weight Management","Potassium rich,High fiber,Low calorie,Vitamin C","May cause gas,Long cooking time",heart-healthy;digestive-aid;weight-management,Roasted or mashed
129,Kohlrabi,Digestive Health,"Constipation,Weight Management,Inflammation","High fiber,Low calorie,Anti-inflammatory,Vitamin C","May cause gas,Unusual texture",digestive-aid;weight-management;anti-inflammatory,Raw or roasted
130,Bok Choy,Bone Health,"Weak Bones,Inflammation,Eye Health","Calcium rich,Anti-inflammatory,Vitamin A,Low calorie","May affect thyroid,Mild flavor",bone-health;anti-inflammatory;eye-health,Stir-fries or soups
131,Swiss Chard,Blood Health,"Anemia,Inflammation,Blood Sugar","Iron rich,Anti-inflammatory,Blood sugar control,Vitamin K","High oxalates,May interact with blood thinners",blood-building;anti-inflammatory;blood-sugar,Sautéed or soups
132,Collard Greens,Bone Health,"Weak Bones,Cholesterol,Cancer Prevention","Calcium rich,Cholesterol binding,Cancer prevention,Vitamin K","High oxalates,May cause gas",bone-health;heart-healthy;cancer-prevention,Sautéed or braised
133,Mustard Greens,Immune Support,"Low Immunity,Inflammation,Cancer Prevention","Immune boost,Anti-inflammatory,Cancer prevention,Vitamin C","Spicy flavor,May cause gas",immune-boost;anti-inflammatory;cancer-prevention,Sautéed or salads
134,Arugula,Bone Health,"Weak Bones,Inflammation,Eye Health","Calcium rich,Anti-inflammatory,Vitamin K,Low calorie","Peppery taste,Wilts quickly",bone-health;anti-inflammatory;eye-health,Salads or pizza
135,Watercress,Cancer Prevention,"Cancer Risk,Bone Health,Eye Health","Cancer prevention,Bone support,Eye health,Nutrient dense","May cause thyroid issues,Strong taste",cancer-prevention;bone-health;eye-health,Salads or smoothies
136,Endive,Digestive Health,"Constipation,Blood Sugar,Liver Health","Prebiotic fiber,Blood sugar control,Liver support,Low calorie","Bitter taste,May cause gas",digestive-aid;blood-sugar;liver-health,Salads or braised
137,Radicchio,Liver Health,"Liver Issues,Blood Sugar,Digestive Problems","Liver support,Blood sugar control,Digestive aid,Antioxidants","Bitter taste,May be expensive",liver-health;blood-sugar;digestive-aid,Salads or grilled
138,Fennel Bulb,Digestive Health,"Bloating,Menstrual Cramps,Eye Health","Reduces bloating,Menstrual relief,Eye health,Fiber","May affect estrogen,Licorice flavor",digestive-aid;hormone-balance;eye-health,Raw or roasted
139,Jicama,Digestive Health,"Constipation,Blood Sugar,Weight Management","Prebiotic fiber,Blood sugar control,Low calorie,Hydrating","May cause gas initially,Skin is toxic",digestive-aid;blood-sugar;weight-management,Raw or slaws
140,Daikon Radish,Digestive Health,"Indigestion,Respiratory Issues,Inflammation","Digestive enzymes,Respiratory support,Anti-inflammatory,Low calorie","May cause gas,Strong flavor",digestive-aid;respiratory-aid;anti-inflammatory,Raw or pickled
141,Lotus Root,Heart Health,"High Blood Pressure,Digestive Issues,Energy Issues","Blood pressure support,Digestive aid,Sustained energy,Fiber","May cause constipation if overcooked,Must be cooked",heart-healthy;digestive-aid;energy-boost,Stir-fries or chips
142,Taro Root,Digestive Health,"Digestive Issues,Blood Sugar,Energy Issues","Gut health,Blood sugar control,Sustained energy,Fiber","Must be cooked thoroughly,High carbs",digestive-aid;blood-sugar;energy-boost,Mashed or chips
143,Yam,Hormone Balance,"Menopause,Blood Sugar,Energy Issues","Hormone support,Blood sugar control,Energy,Vitamin C","High carbs,May affect hormone medications",hormone-balance;blood-sugar;energy-boost,Baked or mashed
144,Cassava,Energy Support,"Low Energy,Digestive Issues,Gluten Intolerance","Energy source,Gluten-free,Resistant starch,Versatile","Must be prepared properly,High carbs",energy-boost;gluten-free;digestive-aid,Boiled or fried
145,Plantain,Digestive Health,"Ulcers,Constipation,Energy Issues","Ulcer healing,Digestive aid,Energy source,Potassium","High carbs,Must be cooked",digestive-aid;energy-boost;ulcer-healing,Baked or fried
146,Jackfruit,Heart Health,"High Blood Pressure,Blood Sugar,Digestive Issues","Blood pressure support,Blood sugar control,Fiber,Vitamin C","High sugar when ripe,May cause allergies",heart-healthy;blood-sugar;digestive-aid,Cooked or raw
147,Breadfruit,Energy Support,"Low Energy,Blood Pressure,Digestive Issues","Sustained energy,Blood pressure support,High fiber,Gluten-free","High carbs,Seasonal availability",energy-boost;heart-healthy;digestive-aid,Roasted or fried
148,Durian,Energy and Mood,"Fatigue,Depression,Anemia","Energy boost,Mood support,Iron rich,Vitamin C","Strong smell,High calories",energy-boost;mood-boost;blood-building,Fresh
149,Passion Fruit,Sleep Support,"Insomnia,Anxiety,Blood Pressure","Natural sedative,Anxiety relief,Blood pressure support,Antioxidants","Seeds may be hard to digest,Tart taste",sleep-aid;calming;heart-healthy,Fresh or juice
150,Dragon Fruit,Digestive Health,"Constipation,Blood Sugar,Immunity","Prebiotic fiber,Blood sugar control,Immune support,Hydrating","Mild flavor,May cause red stool",digestive-aid;blood-sugar;immune-boost,Fresh or smoothies
151,Lychee,Immune Support,"Low Immunity,Skin Health,Blood Pressure","Vitamin C,Skin health,Blood pressure support,Antioxidants","High sugar,May cause allergies",immune-boost;skin-health;heart-healthy,Fresh or desserts
152,Longan,Sleep Support,"Insomnia,Anxiety,Blood Health","Sleep support,Anxiety relief,Blood building,Antioxidants","High sugar,May be hard to find",sleep-aid;calming;blood-building,Fresh or dried
153,Rambutan,Energy Support,"Fatigue,Anemia,Skin Health","Energy boost,Iron rich,Skin health,Vitamin C","High sugar,Short shelf life",energy-boost;blood-building;skin-health,Fresh
154,Mangosteen,Inflammation,"Chronic Inflammation,Skin Issues,Immune Weakness","Anti-inflammatory,Skin health,Immune support,Antioxidants","May interact with blood thinners,Expensive",anti-inflammatory;skin-health;immune-boost,Fresh
155,Starfruit,Kidney Health,"Kidney Stones,Constipation,Blood Pressure","Natural diuretic,Fiber rich,Blood pressure support,Vitamin C","Toxic for kidney disease patients,Tart taste",kidney-health;digestive-aid;heart-healthy,Fresh or garnish
156,Guava,Immune Support,"Cold,Digestive Issues,Blood Sugar","Highest Vitamin C,Digestive aid,Blood sugar control,Lycopene","Seeds may cause constipation,May cause allergies",immune-boost;digestive-aid;blood-sugar,Fresh or juice
157,Feijoa,Immune Support,"Cold,Digestive Issues,Thyroid Health","Vitamin C,Digestive aid,Iodine for thyroid,Antioxidants","Grainy texture,Short season",immune-boost;digestive-aid;thyroid-health,Fresh
158,Persimmon,Heart Health,"High Cholesterol,Constipation,High Blood Pressure","Cholesterol reduction,Fiber rich,Blood pressure support,Antioxidants","Unripe causes digestive issues,High sugar",heart-healthy;digestive-aid;blood-pressure,Fresh when ripe
159,Quince,Digestive Health,"Nausea,Diarrhea,Ulcers","Anti-nausea,Anti-diarrheal,Ulcer healing,Vitamin C","Must be cooked,Astringent when raw",digestive-aid;anti-nausea;ulcer-healing,Cooked or jelly
160,Mulberries,Blood Sugar,"Diabetes,Cholesterol,Constipation","Blood sugar control,Cholesterol reduction,Fiber,Antioxidants","May interact with diabetes meds,Stains easily",blood-sugar;heart-healthy;digestive-aid,Fresh or dried
161,Elderberries,Immune Support,"Cold,Flu,Inflammation","Immune boost,Anti-viral,Anti-inflammatory,Antioxidants","Must be cooked,Raw is toxic",immune-boost;anti-viral;anti-inflammatory,Syrup or cooked
162,Sea Buckthorn,Skin Health,"Skin Issues,Inflammation,Heart Health","Omega-7 for skin,Anti-inflammatory,Heart healthy,Vitamin C","Strong taste,May stain",skin-health;anti-inflammatory;heart-healthy,Oil or juice
163,Noni,Immune Support,"Low Immunity,Pain,Inflammation","Immune boost,Pain relief,Anti-inflammatory,Antioxidants","Strong unpleasant taste,May affect liver",immune-boost;pain-relief;anti-inflammatory,Juice
164,Baobab,Digestive Health,"Constipation,Blood Sugar,Immunity","Prebiotic fiber,Blood sugar control,Vitamin C,Calcium","May cause bloating,Expensive",digestive-aid;blood-sugar;immune-boost,Powder in smoothies
165,Camu Camu,Immune Support,"Cold,Inflammation,Mood Issues","Highest Vitamin C,Anti-inflammatory,Mood support,Antioxidants","Very sour,Expensive",immune-boost;anti-inflammatory;mood-boost,Powder in smoothies
166,Lucuma,Blood Sugar,"Diabetes,Skin Health,Energy Issues","Low glycemic sweetener,Skin health,Sustained energy,Beta-carotene","May cause allergies,Hard to find",blood-sugar;skin-health;energy-boost,Powder as sweetener
167,Mesquite,Blood Sugar,"Diabetes,Digestive Issues,Energy Issues","Low glycemic,Fiber rich,Sustained energy,Mineral rich","May cause allergies,Strong flavor",blood-sugar;digestive-aid;energy-boost,Powder in baking
168,Carob,Digestive Health,"Diarrhea,Cholesterol,Weight Management","Anti-diarrheal,Cholesterol reduction,Low fat,Caffeine-free","May cause allergies,Different from chocolate",digestive-aid;heart-healthy;weight-management,Powder as chocolate substitute
169,Tiger Nuts,Digestive Health,"Constipation,Heart Health,Weight Management","Prebiotic fiber,Heart healthy,Resistant starch,Mineral rich","May cause bloating,Choking hazard for children",digestive-aid;heart-healthy;weight-management,Snack or milk
170,Sacha Inchi,Brain Health,"Brain Fog,Inflammation,Skin Health","Omega-3 rich,Anti-inflammatory,Skin health,Complete protein","May cause digestive upset,Expensive",brain-health;anti-inflammatory;skin-health,Seeds or oil
171,Brazil Nuts,Thyroid Health,"Thyroid Issues,Inflammation,Mood Issues","Highest selenium,Thyroid support,Anti-inflammatory,Mood support","Limit to 2-3 daily,High calories",thyroid-health;anti-inflammatory;mood-boost,Snack (limited)
172,Macadamia Nuts,Heart Health,"High Cholesterol,Inflammation,Brain Health","Heart healthy fats,Anti-inflammatory,Brain health,Thiamine","High calories,Expensive",heart-healthy;anti-inflammatory;brain-health,Snack or baking
173,Pecans,Heart Health,"High Cholesterol,Inflammation,Blood Sugar","Heart healthy fats,Anti-inflammatory,Blood sugar control,Manganese","High calories,Potential allergen",heart-healthy;anti-inflammatory;blood-sugar,Snack or baking
174,Hazelnuts,Heart Health,"High Cholesterol,Brain Health,Skin Health","Heart healthy fats,Vitamin E,Folate,Manganese","High calories,Potential allergen",heart-healthy;brain-health;skin-health,Snack or baking
175,Pistachios,Eye Health,"Vision Issues,Blood Sugar,Gut Health","Eye health carotenoids,Blood sugar control,Prebiotic fiber,Protein","Can overeat easily,High sodium if salted",eye-health;blood-sugar;digestive-aid,Snack
176,Cashews,Bone Health,"Weak Bones,Anemia,Nerve Health","Magnesium rich,Iron source,Copper for nerves,Zinc","High calories,May trigger allergies",bone-health;blood-building;nerve-health,Snack or sauces
177,Pine Nuts,Energy Support,"Fatigue,Appetite Control,Eye Health","Energy boost,Appetite suppression,Vitamin E,Eye health","Expensive,May cause pine mouth",energy-boost;appetite-control;eye-health,Pesto or garnish
178,Coconut Meat,Energy Support,"Fatigue,Digestive Issues,Skin Health","Quick energy MCTs,Fiber,Skin moisturizing,Mineral rich","High saturated fat,High calories",energy-boost;digestive-aid;skin-health,Fresh or dried
179,Coconut Water,Hydration,"Dehydration,Muscle Cramps,Hangover","Electrolyte balance,Hydrating,Muscle support,Low calorie","Sugar content varies,May cause bloating",hydration;muscle-support;electrolyte-balance,Fresh or packaged
180,Coconut Milk,Dairy Alternative,"Lactose Intolerance,Weight Management,Skin Health","Dairy-free,MCTs for energy,Skin health,Versatile","High saturated fat,High calories",dairy-alternative;energy-boost;skin-health,Cooking or smoothies
181,Almond Milk,Dairy Alternative,"Lactose Intolerance,Weight Management,Bone Health","Dairy-free,Low calorie,Vitamin E,Often fortified","Low protein,May have additives",dairy-alternative;weight-management;bone-health,Beverages or cereal
182,Oat Milk,Heart Health,"High Cholesterol,Lactose Intolerance,Blood Sugar","Beta-glucan fiber,Heart healthy,Blood sugar control,Creamy texture","May contain gluten,Added sugars",heart-healthy;dairy-alternative;blood-sugar,Beverages or cooking
183,Soy Milk,Bone Health,"Weak Bones,Menopause,Muscle Health","Complete protein,Calcium if fortified,Isoflavones,Versatile","Soy concerns,May affect thyroid",bone-health;hormone-balance;muscle-support,Beverages or cooking
184,Rice Milk,Allergy-Friendly,"Multiple Allergies,Digestive Sensitivity,Low Immunity","Hypoallergenic,Easy to digest,Low fat,Fortified options","Low protein,High glycemic",allergy-friendly;digestive-aid;low-allergen,Beverages or cooking
185,Hemp Milk,Brain Health,"Brain Fog,Inflammation,Skin Health","Omega balance,Complete protein,Skin health,Mineral rich","Grassy flavor,May be expensive",brain-health;anti-inflammatory;skin-health,Beverages or smoothies
186,Flax Milk,Heart Health,"High Cholesterol,Inflammation,Bone Health","Omega-3 rich,Anti-inflammatory,Often fortified,Low calorie","Low protein,May have additives",heart-healthy;anti-inflammatory;bone-health,Beverages
187,Cashew Milk,Bone Health,"Weak Bones,Eye Health,Weight Management","Creamy texture,Low calorie,Magnesium,Zinc","Low protein,May trigger allergies",bone-health;eye-health;weight-management,Beverages or cooking
188,Pea Milk,Muscle Health,"Muscle Recovery,Allergies,Sustainability","High protein,Allergy-friendly,Sustainable,Fortified","Slight pea taste,Processed",muscle-support;allergy-friendly;sustainable,Beverages or smoothies
189,Prunes,Digestive Health,"Constipation,Bone Health,Blood Sugar","Natural laxative,Bone density,Blood sugar control,Antioxidants","High sugar,May cause diarrhea",digestive-aid;bone-health;blood-sugar,Snack or stewed
190,Dates,Energy Support,"Fatigue,Constipation,Anemia","Natural energy,Fiber rich,Iron source,Potassium","Very high sugar,Sticky on teeth",energy-boost;digestive-aid;blood-building,Snack or natural sweetener
191,Figs,Bone Health,"Weak Bones,Constipation,Blood Pressure","Calcium rich,Fiber,Potassium,Antioxidants","High sugar,May cause allergies",bone-health;digestive-aid;heart-healthy,Fresh or dried
192,Apricots,Eye Health,"Vision Issues,Skin Health,Constipation","Beta-carotene,Vitamin A,Fiber,Potassium","High sugar when dried,May cause allergies",eye-health;skin-health;digestive-aid,Fresh or dried
193,Raisins,Energy Support,"Fatigue,Anemia,Constipation","Quick energy,Iron source,Fiber,Boron for bones","High sugar,Sticky on teeth",energy-boost;blood-building;digestive-aid,Snack or baking
194,Currants,Heart Health,"High Blood Pressure,Inflammation,Eye Health","Potassium,Anti-inflammatory,Vitamin C,Anthocyanins","High sugar,May be confused with raisins",heart-healthy;anti-inflammatory;eye-health,Baking or snack
195,Dried Cranberries,Urinary Health,"UTI,Inflammation,Heart Health","UTI prevention,Antioxidants,Heart health,Fiber","Often high added sugar,May interact with warfarin",urinary-health;antioxidant;heart-healthy,Snack or salads
196,Dried Mango,Energy Support,"Fatigue,Skin Health,Immunity","Natural energy,Vitamin A,Vitamin C,Fiber","Very high sugar,Often has added sugar",energy-boost;skin-health;immune-boost,Snack
197,Dried Papaya,Digestive Health,"Indigestion,Constipation,Immunity","Digestive enzymes,Fiber,Vitamin C,Vitamin A","Often has added sugar,High calories",digestive-aid;immune-boost;energy-boost,Snack
198,Dried Pineapple,Inflammation,"Joint Pain,Digestive Issues,Immunity","Bromelain,Fiber,Vitamin C,Manganese","High sugar,May irritate mouth",anti-inflammatory;digestive-aid;immune-boost,Snack
199,Dried Coconut,Energy Support,"Fatigue,Skin Health,Constipation","MCTs for energy,Fiber,Iron,Skin health","High saturated fat,High calories",energy-boost;skin-health;digestive-aid,Snack or baking
200,Ghee,Digestive Health,"Lactose Intolerance,Inflammation,Skin Health","Lactose-free,Butyric acid for gut,Anti-inflammatory,Vitamin A","High saturated fat,High calories",digestive-aid;anti-inflammatory;skin-health,Cooking
201,Cod Liver Oil,Bone Health,"Weak Bones,Immunity,Depression","Vitamin D,Vitamin A,Omega-3,Bone health","May contain toxins,Strong taste",bone-health;immune-boost;mood-boost,Supplement
202,Collagen Peptides,Joint Health,"Joint Pain,Skin Aging,Gut Issues","Joint support,Skin elasticity,Gut healing,Nail strength","May cause bloating,Animal derived",joint-health;skin-health;gut-health,Powder in beverages
203,Nutritional Yeast,B-Vitamin Support,"Fatigue,Veganism,Nerve Health","B12 if fortified,Complete protein,B vitamins,Cheese-like flavor","May cause headaches for some,Uric acid concerns",energy-boost;nerve-health;vegan-support,Seasoning
204,Blackstrap Molasses,Blood Building,"Anemia,Muscle Cramps,Bone Health","Iron rich,Calcium,Magnesium,Potassium","High sugar,Strong taste",blood-building;muscle-support;bone-health,Baking or beverages
205,Raw Cacao Nibs,Mood Support,"Depression,Low Energy,Inflammation","Mood enhancer,Antioxidants,Magnesium,Theobromine","Bitter taste,Caffeine",mood-boost;antioxidant;energy-boost,Smoothies or snacks
206,Matcha,Focus and Energy,"Brain Fog,Fatigue,Stress","L-theanine for calm focus,Antioxidants,Metabolism boost,Energy","Caffeine,May contain lead",focus;energy-boost;antioxidant,Tea or lattes
207,Yerba Mate,Energy Support,"Fatigue,Focus Issues,Weight Management","Natural caffeine,Antioxidants,Metabolism boost,Focus","Caffeine,May affect sleep",energy-boost;focus;weight-management,Tea
208,Rooibos Tea,Allergy Support,"Allergies,Sleep Issues,Skin Problems","Caffeine-free,Quercetin for allergies,Sleep aid,Skin health","May interact with chemotherapy,Mild effect",allergy-support;sleep-aid;skin-health,Tea
209,Hibiscus Tea,Blood Pressure,"High Blood Pressure,Inflammation,Liver Health","Lowers blood pressure,Anti-inflammatory,Liver support,Vitamin C","May lower blood pressure too much,Not for pregnancy",blood-pressure;anti-inflammatory;liver-health,Iced or hot tea
210,Dandelion Root,Liver Health,"Liver Issues,Water Retention,Digestive Problems","Liver detox,Natural diuretic,Digestive support,Prebiotic","May cause allergies,Bitter taste",liver-health;diuretic;digestive-aid,Tea or roasted
211,Milk Thistle,Liver Health,"Liver Disease,Toxin Exposure,Gallbladder Issues","Liver protection,Detoxification,Antioxidant,Gallbladder support","May cause digestive upset,Allergic reactions possible",liver-health;detox;antioxidant,Tea or supplements
212,Nettle Leaf,Allergy Support,"Seasonal Allergies,Joint Pain,Prostate Issues","Natural antihistamine,Joint support,Prostate health,Iron rich","May interact with medications,Can irritate skin when fresh",allergy-support;joint-health;prostate-health,Tea or cooked
213,Valerian Root,Sleep Support,"Insomnia,Anxiety,Muscle Tension","Natural sedative,Anxiety relief,Muscle relaxant,Sleep aid","May cause vivid dreams,Strong smell",sleep-aid;calming;muscle-support,Tea or supplements
214,Lavender,Stress Relief,"Anxiety,Insomnia,Headaches","Calming,Sleep support,Headache relief,Skin soothing","May cause hormone effects in boys,Strong flavor",calming;sleep-aid;pain-relief,Tea or aromatherapy
215,Lemon Balm,Stress Relief,"Anxiety,Insomnia,Cold Sores","Calming,Sleep aid,Antiviral,Cognitive support","May interact with thyroid meds,Mild sedation",calming;sleep-aid;antiviral,Tea or supplements
216,Passionflower,Sleep Support,"Insomnia,Anxiety,Pain","Natural sedative,Anxiety relief,Mild pain relief,Calming","May cause dizziness,Not for pregnancy",sleep-aid;calming;pain-relief,Tea or supplements
217,St. John's Wort,Mood Support,"Mild Depression,Anxiety,Nerve Pain","Mood support,Anxiety relief,Nerve pain relief,Sleep aid","Many drug interactions,Sun sensitivity",mood-boost;calming;nerve-health,Tea or supplements
218,Echinacea,Immune Support,"Cold,Flu,Infections","Immune boost,Infection fighting,Cold duration reduction,Anti-inflammatory","May cause allergies,Not for autoimmune conditions",immune-boost;anti-viral;anti-inflammatory,Tea or supplements
219,Elderflower,Respiratory Health,"Cold,Flu,Allergies","Respiratory support,Fever reduction,Allergy relief,Immune boost","May cause allergic reactions,Must be cooked properly",respiratory-aid;immune-boost;allergy-support,Tea or syrup
220,Ginkgo Biloba,Cognitive Health,"Memory Issues,Poor Circulation,Eye Health","Memory support,Circulation improvement,Eye health,Antioxidant","Blood thinner interaction,May cause headaches",brain-health;circulation;eye-health,Tea or supplements
221,Gotu Kola,Skin Health,"Wound Healing,Anxiety,Cognitive Issues","Wound healing,Anxiety relief,Memory support,Skin health","May cause headaches,Sun sensitivity",skin-health;calming;brain-health,Tea or supplements
222,Bacopa,Cognitive Health,"Memory Issues,Anxiety,ADHD","Memory enhancement,Anxiety relief,Focus support,Neuroprotective","May cause digestive upset,Takes weeks to work",brain-health;calming;focus,Supplements
223,Rhodiola,Stress and Energy,"Fatigue,Stress,Depression","Adaptogen,Stress relief,Energy boost,Mental performance","May cause restlessness,Not for bipolar",stress-relief;energy-boost;mood-boost,Supplements
224,Holy Basil,Stress Relief,"Stress,Blood Sugar,Respiratory Issues","Adaptogen,Blood sugar support,Respiratory health,Anti-inflammatory","May affect fertility,Blood thinner interaction",stress-relief;blood-sugar;respiratory-aid,Tea or supplements
225,Astragalus,Immune Support,"Low Immunity,Fatigue,Heart Health","Immune modulator,Energy boost,Heart support,Anti-aging","May interact with immune suppressants,Not during acute illness",immune-boost;energy-boost;heart-healthy,Tea or supplements
226,Schisandra,Liver and Stress,"Liver Issues,Stress,Fatigue","Liver protection,Adaptogen,Mental clarity,Endurance","May cause heartburn,Not for pregnancy",liver-health;stress-relief;focus,Tea or supplements
227,Eleuthero,Energy and Immunity,"Fatigue,Stress,Low Immunity","Adaptogen,Energy boost,Immune support,Mental performance","May raise blood pressure,Not for autoimmune",energy-boost;stress-relief;immune-boost,Tea or supplements
228,Cordyceps,Energy and Lungs,"Fatigue,Respiratory Issues,Athletic Performance","Energy boost,Lung support,Endurance,Immune support","May slow blood clotting,Expensive",energy-boost;respiratory-aid;athletic-support,Powder or supplements
229,Chaga Mushroom,Immune Support,"Low Immunity,Inflammation,Oxidative Stress","Immune boost,Anti-inflammatory,Antioxidant rich,Blood sugar support","May interact with blood thinners,Kidney stone risk",immune-boost;anti-inflammatory;antioxidant,Tea or powder
230,Turkey Tail Mushroom,Immune Support,"Low Immunity,Cancer Support,Gut Health","Immune modulation,Prebiotic,Gut health,Antioxidants","May cause digestive issues,Quality varies",immune-boost;gut-health;antioxidant,Tea or supplements
231,Bee Pollen,Energy and Allergies,"Fatigue,Seasonal Allergies,Immunity","Energy boost,Allergy desensitization,Immune support,Nutrient dense","May cause severe allergies,Not for bee allergies",energy-boost;allergy-support;immune-boost,Smoothies or sprinkled
232,Royal Jelly,Skin and Energy,"Fatigue,Skin Aging,Immunity","Energy boost,Skin health,Immune support,Nutrient rich","May cause allergies,Expensive",energy-boost;skin-health;immune-boost,Supplements
233,Propolis,Immune Support,"Infections,Cold Sores,Dental Health","Antimicrobial,Wound healing,Immune boost,Anti-inflammatory","May cause allergies,Strong taste",immune-boost;antimicrobial;dental-health,Tincture or supplements
234,Manuka Honey,Wound Healing,"Wounds,Sore Throat,Digestive Issues","Antimicrobial,Wound healing,Sore throat relief,Gut health","Very high sugar,Expensive",antimicrobial;wound-healing;digestive-aid,Topical or internal
235,Kelp,Thyroid Health,"Thyroid Issues,Mineral Deficiency,Weight Management","Iodine for thyroid,Mineral rich,Metabolism support,Detoxifying","May cause thyroid problems if excessive,Heavy metal concerns",thyroid-health;mineral-support;metabolism-boost,Supplements or cooking
236,Dulse,Thyroid Health,"Thyroid Issues,Anemia,Blood Pressure","Iodine,Iron rich,Potassium,Protein for seaweed","May be high in sodium,Thyroid concerns if excessive",thyroid-health;blood-building;heart-healthy,Flakes or cooking
237,Nori,Thyroid Health,"Thyroid Issues,Cholesterol,Eye Health","Iodine,Vitamin A,Protein,B12 for vegans","May be high in sodium,Thyroid concerns",thyroid-health;eye-health;vegan-support,Sushi or snacks
238,Wakame,Bone Health,"Weak Bones,Weight Management,Heart Health","Calcium,Fucoxanthin for fat burning,Magnesium,Heart health","High sodium,Thyroid concerns",bone-health;weight-management;heart-healthy,Soups or salads
239,Kombu,Digestive Health,"Digestive Issues,Blood Pressure,Thyroid Health","Glutamate for flavor,Blood pressure support,Thyroid support,Digestive aid","Very high iodine,Must limit intake",digestive-aid;blood-pressure;thyroid-health,Stock making
240,Sea Moss,Thyroid and Skin,"Thyroid Issues,Skin Health,Digestive Issues","Thyroid support,Skin health,Gut soothing,92 minerals","May cause thyroid issues,Quality varies",thyroid-health;skin-health;digestive-aid,Gel or smoothies
241,Liver (Beef),Blood Building,"Anemia,Fatigue,B12 Deficiency","Most nutrient dense food,B12,Iron,Vitamin A","High vitamin A,High cholesterol",blood-building;energy-boost;nutrient-support,Pâté or sautéed
242,Heart (Beef),Heart Health,"Energy Issues,Heart Health,B12 Deficiency","CoQ10,B vitamins,Iron,Taurine for heart","High cholesterol,Texture concerns",heart-healthy;energy-boost;blood-building,Grilled or stewed
243,Bone Marrow,Joint Health,"Joint Issues,Immune Weakness,Nutrient Deficiency","Collagen,Healthy fats,Immune support,Nutrient dense","High calories,High fat",joint-health;immune-boost;nutrient-support,Roasted
244,Anchovies,Heart Health,"Heart Issues,Bone Health,Brain Health","Omega-3,Calcium from bones,Low mercury,Vitamin D","High sodium,Strong taste",heart-healthy;bone-health;brain-health,Pizza or Caesar salad
245,Herring,Heart Health,"Heart Issues,Vitamin D Deficiency,Brain Health","Omega-3,Vitamin D,Protein,Low mercury","High sodium if pickled,Strong flavor",heart-healthy;bone-health;brain-health,Pickled or smoked
246,Oysters,Immune Support,"Zinc Deficiency,Immunity,Sexual Health","Highest zinc food,Immune boost,B12,Iron","May contain toxins,Allergies",immune-boost;sexual-health;blood-building,Raw or cooked
247,Mussels,Blood Building,"Anemia,B12 Deficiency,Joint Health","Iron rich,B12,Omega-3,Sustainable",May contain toxins;Allergies,blood-building;heart-healthy;joint-health,Steamed or in pasta
248,Clams,Blood Building,"Anemia,B12 Deficiency,Energy Issues","B12 champion,Iron,Protein,Low fat","May contain toxins,Sandy if not cleaned",blood-building;energy-boost;low-fat,Chowder or steamed
249,Crab,Bone Health,"Bone Health,Heart Health,Immunity","Protein,Zinc,Copper,Selenium","Cholesterol,Potential allergen",bone-health;heart-healthy;immune-boost,Steamed or cakes
250,Lobster,Heart Health,"Heart Health,Thyroid Issues,Immunity","Low fat protein,Selenium,Copper,Zinc","High cholesterol,Expensive",heart-healthy;thyroid-health;immune-boost,Steamed or grilled
251,Venison,Muscle Health,"Muscle Building,Iron Deficiency,Weight Management","Lean protein,Iron rich,B vitamins,Low fat","Gamey taste,Expensive",muscle-support;blood-building;weight-management,Roasted or grilled
252,Bison,Heart Health,"Heart Health,Muscle Building,Anemia","Leaner than beef,Iron,Protein,Omega-3 (grass-fed)","Expensive,May overcook easily",heart-healthy;muscle-support;blood-building,Burgers or steaks
253,Lamb,Blood Building,"Anemia,B12 Deficiency,Zinc Deficiency","Iron,B12,Zinc,Protein","High saturated fat,Strong flavor",blood-building;energy-boost;immune-boost,Roasted or grilled
254,Duck,Energy Support,"Fatigue,Iron Deficiency,Skin Health","Iron,B vitamins,Selenium,Zinc","High fat,Skin is fatty",energy-boost;blood-building;immune-boost,Roasted or confit
255,Goat,Lean Protein,"Weight Management,Heart Health,Anemia","Lean protein,Iron,Low fat vs beef,B12","Gamey taste,May be tough",weight-management;heart-healthy;blood-building,Curries or roasted
256,Rabbit,Weight Management,"Weight Loss,Heart Health,Muscle Building","Very lean,High protein,Low cholesterol,B12","Very lean may be dry,Not widely available",weight-management;heart-healthy;muscle-support,Stewed or roasted
257,Quail Eggs,Eye Health,"Eye Health,Allergies,Skin Health","Vitamin A,May help allergies,B vitamins,Mineral rich","Small size,Cholesterol",eye-health;allergy-support;skin-health,Boiled or fried
258,Goose,Energy Support,"Fatigue,Immunity,Skin Health","Iron,Zinc,B vitamins,Protein","High fat,Expensive",energy-boost;immune-boost;skin-health,Roasted
259,Pheasant,Lean Protein,"Weight Management,Heart Health,B12 Deficiency","Lean protein,B vitamins,Iron,Low fat","Gamey taste,Expensive",weight-management;heart-healthy;blood-building,Roasted
260,Cottage Cheese,Muscle Health,"Muscle Building,Weight Management,Sleep Issues","Casein protein,Calcium,B12,Tryptophan","Sodium content,Lactose issues",muscle-support;weight-management;sleep-aid,Snack or with fruit
